barcode,tf,promoter,neg_ctrls
CGGATCACCATC,ZFX,minP,No
AACGTAGAAGAG,OTX1,minP,No
CTCACTCGATCT,ZFP42,minP,No
TAGTCGTGAGTA,RANDOM1_1_minP,minP,Yes
TGGCTTAAGCTA,RANDOM2_1_minP,minP,Yes
GCAAGTGACTAT,RANDOM3_1_minP,minP,Yes
GCAAGCCGGAAT,ZFX,minP,No
CTAGAATAGGAC,OTX1,minP,No
CTTACACAGTTG,ZFP42,minP,No
ACGGACGATAAC,RANDOM1_1_minP,minP,Yes
CTCAACTGATAC,RANDOM2_1_minP,minP,Yes
TCAACGGCGAAT,RANDOM3_1_minP,minP,Yes
AGTGTCGATCTG,ZFX,minP,No
GGCCTTATTAGA,OTX1,minP,No
TTAGGTTCCGCG,ZFP42,minP,No
AGTCTCGGTCTC,RANDOM1_1_minP,minP,Yes
GCTTAGGTCCTT,RANDOM2_1_minP,minP,Yes
TAGGAGTTGGTA,RANDOM3_1_minP,minP,Yes
ATCGGAACAACA,ZFX,minP,No
CCGTTCGGTGAA,OTX1,minP,No
TTAAGACCAGGC,ZFP42,minP,No
AACAACGACGTC,RANDOM1_1_minP,minP,Yes
ACTTACTTGGTC,RANDOM2_1_minP,minP,Yes
TGAGTAGCGAGC,RANDOM3_1_minP,minP,Yes
ATAGTGGCCGCT,ZFX,minP,No
TACGGAATACGA,OTX1,minP,No
CCGCAATCTTAG,ZFP42,minP,No
TGAGATACAGCC,RANDOM1_1_minP,minP,Yes
GTAGACTCGGTC,RANDOM2_1_minP,minP,Yes
TTCACATACAGC,RANDOM3_1_minP,minP,Yes
CACTCATCGAGT,CREB1,hBGm,No
CTTCCACCGAAT,NFKB1,hBGm,No
GTTCAATCTTGC,ELK1,hBGm,No
CGGCTTGACTAT,NEUROG2,hBGm,No
TGCCTTAAGGAG,RANDOM1_1_hBGm,hBGm,Yes
TGTTCTCCGTGC,RANDOM2_1_hBGm,hBGm,Yes
TTCGTTCGGAGC,RANDOM3_1_hBGm,hBGm,Yes
CTCTTAGTCCAG,CREB1,hBGm,No
TTCTAAGCTCAC,NFKB1,hBGm,No
GTAGGCAGGAAC,ELK1,hBGm,No
CAGAACGAGTTA,NEUROG2,hBGm,No
TGCGCCTTCCAA,RANDOM1_1_hBGm,hBGm,Yes
CCTGTAACCATA,RANDOM2_1_hBGm,hBGm,Yes
CTTGGATAGTGT,RANDOM3_1_hBGm,hBGm,Yes
TGCCAATTCGCC,CREB1,hBGm,No
GGTTCGTACTTA,NFKB1,hBGm,No
CCTCTATAAGAG,ELK1,hBGm,No
TGCTACTCTCTT,NEUROG2,hBGm,No
AGGCTACTCTTA,RANDOM1_1_hBGm,hBGm,Yes
TGTCTTACACAC,RANDOM2_1_hBGm,hBGm,Yes
GATCACCAGAAT,RANDOM3_1_hBGm,hBGm,Yes
GGCGGCACATAT,CREB1,hBGm,No
GAGGTGTATAGC,NFKB1,hBGm,No
ATTGCGTGGAGA,ELK1,hBGm,No
TAGGTACACTGG,NEUROG2,hBGm,No
AGTTGTCACCGC,RANDOM1_1_hBGm,hBGm,Yes
GTTGTAAGTGTC,RANDOM2_1_hBGm,hBGm,Yes
TGGCTAAGCTTA,RANDOM3_1_hBGm,hBGm,Yes
ATCTCGATCGGC,CREB1,hBGm,No
GGACGTGGTAAG,NFKB1,hBGm,No
ACAACAACGGTA,ELK1,hBGm,No
GAAGGTTGAGAA,NEUROG2,hBGm,No
GTTACTGGAGCG,RANDOM1_1_hBGm,hBGm,Yes
TGCAAGTGTCCG,RANDOM2_1_hBGm,hBGm,Yes
GAACGTTGAAGG,RANDOM3_1_hBGm,hBGm,Yes
CAGCGACTGACA,TP53,mCMV,No
CATCACACGGTG,KLF4,mCMV,No
CCTATCGGACTT,RANDOM1_1_mCMV,mCMV,Yes
GGCGGATAGAGA,RANDOM2_1_mCMV,mCMV,Yes
ACGAAGAGATCC,RANDOM3_1_mCMV,mCMV,Yes
ACACGTAGCTTA,TP53,mCMV,No
CCATCCTAAGAA,KLF4,mCMV,No
TACTGACTATCG,RANDOM1_1_mCMV,mCMV,Yes
AAGACAAGTAGG,RANDOM2_1_mCMV,mCMV,Yes
CGAAGAGTGGTC,RANDOM3_1_mCMV,mCMV,Yes
AACAGAACAAGG,TP53,mCMV,No
GTCTTCAGCAGC,KLF4,mCMV,No
ATTCCATCGTCA,RANDOM1_1_mCMV,mCMV,Yes
CCTAACCAGCGA,RANDOM2_1_mCMV,mCMV,Yes
TAGGATCTGGTC,RANDOM3_1_mCMV,mCMV,Yes
ACCTCTTAGGTC,TP53,mCMV,No
ATCGAGCTCAGG,KLF4,mCMV,No
GACATATCCTCA,RANDOM1_1_mCMV,mCMV,Yes
CTAACCAGCCTT,RANDOM2_1_mCMV,mCMV,Yes
CCAATTGAGCAC,RANDOM3_1_mCMV,mCMV,Yes
GCTCTCGAATTA,TP53,mCMV,No
GTCTGCCAACAT,KLF4,mCMV,No
GTATAGTGCAGA,RANDOM1_1_mCMV,mCMV,Yes
GCACTAACGTCG,RANDOM2_1_mCMV,mCMV,Yes
TCTGGTCCTCAT,RANDOM3_1_mCMV,mCMV,Yes
GAGTTAAGAACG,RANDOM1_2_minP,minP,Yes
CACAGATTGAGA,RANDOM2_2_minP,minP,Yes
CTAGTTGAGGTC,RANDOM3_2_minP,minP,Yes
CCACAAGTTGGA,RANDOM1_2_minP,minP,Yes
CATACTGCCACC,RANDOM2_2_minP,minP,Yes
TTATCGAGGATC,RANDOM3_2_minP,minP,Yes
TCACAGAGAGAA,RANDOM1_2_minP,minP,Yes
GGCATCTATAGA,RANDOM2_2_minP,minP,Yes
ACAATAACGCGC,RANDOM3_2_minP,minP,Yes
CGCACCAACAGA,RANDOM1_2_minP,minP,Yes
TCGGCGGTATAA,RANDOM2_2_minP,minP,Yes
GGACGCTTGGTA,RANDOM3_2_minP,minP,Yes
GTTGACCACGGA,RANDOM1_2_minP,minP,Yes
CTCAGGCATATA,RANDOM2_2_minP,minP,Yes
TACGAAGCAAGC,RANDOM3_2_minP,minP,Yes
TTGACACTCGCT,HOMEZ,hBGm,No
GCGTACTCCTTA,TCF7L2,hBGm,No
CACTGGCCAGAT,RANDOM1_2_hBGm,hBGm,Yes
ACCTAGCGTAAT,RANDOM2_2_hBGm,hBGm,Yes
GTAGTCGGAATC,RANDOM3_2_hBGm,hBGm,Yes
GCTTATAAGCGA,HOMEZ,hBGm,No
AAGAATCGGTGT,TCF7L2,hBGm,No
CACAAGGACTAA,RANDOM1_2_hBGm,hBGm,Yes
TCTACGAACGAC,RANDOM2_2_hBGm,hBGm,Yes
ACTAGAGCGACC,RANDOM3_2_hBGm,hBGm,Yes
CTTATAGAGGTG,HOMEZ,hBGm,No
GAGGATAGCGAT,TCF7L2,hBGm,No
CGCCTGTATACC,RANDOM1_2_hBGm,hBGm,Yes
GCCTGTCGTAAT,RANDOM2_2_hBGm,hBGm,Yes
GCGTATCACTTG,RANDOM3_2_hBGm,hBGm,Yes
TCCTACAACGTT,HOMEZ,hBGm,No
TTCACCGAGACT,TCF7L2,hBGm,No
AGAAGTCCAAGG,RANDOM1_2_hBGm,hBGm,Yes
TCGATAGCACAT,RANDOM2_2_hBGm,hBGm,Yes
GAGTAGGATACT,RANDOM3_2_hBGm,hBGm,Yes
GCTTCTAGCCAC,HOMEZ,hBGm,No
TCAGGCTATCAT,TCF7L2,hBGm,No
TTCCACAGAGCG,RANDOM1_2_hBGm,hBGm,Yes
GATTCTAGCTCT,RANDOM2_2_hBGm,hBGm,Yes
CAACTCACGATA,RANDOM3_2_hBGm,hBGm,Yes
ACTAGGACGGTG,IRX3,mCMV,No
TACGCAGTAGAT,NFYA,mCMV,No
TTATACGCCTCG,TFCP2L1,mCMV,No
CTAAGAGCAAGT,RANDOM1_2_mCMV,mCMV,Yes
ACTAGTCAGGTA,RANDOM2_2_mCMV,mCMV,Yes
TGGTCTACCAAC,RANDOM3_2_mCMV,mCMV,Yes
GGCTGGTATAGA,IRX3,mCMV,No
TTAGGCTAGGCA,NFYA,mCMV,No
CCACGAAGCGAT,TFCP2L1,mCMV,No
CAGTCTCGCGAA,RANDOM1_2_mCMV,mCMV,Yes
GTATCCGCCACA,RANDOM2_2_mCMV,mCMV,Yes
GCAGATTGAGAT,RANDOM3_2_mCMV,mCMV,Yes
CGCATAGGTGAA,IRX3,mCMV,No
TTCGGCTCATCA,NFYA,mCMV,No
ACCTTCGTGTAG,TFCP2L1,mCMV,No
TCAGTTCGTTCA,RANDOM1_2_mCMV,mCMV,Yes
ATCCGGCGTAGA,RANDOM2_2_mCMV,mCMV,Yes
CTTGGATAGACA,RANDOM3_2_mCMV,mCMV,Yes
TCAACCACCTTG,IRX3,mCMV,No
TCGAGTTAAGCG,NFYA,mCMV,No
GCGTGATAGTGC,TFCP2L1,mCMV,No
AACGTCTCGGTG,RANDOM1_2_mCMV,mCMV,Yes
ACTTAAGGAAGG,RANDOM2_2_mCMV,mCMV,Yes
ATATCGGCGTGC,RANDOM3_2_mCMV,mCMV,Yes
TCAGTCCAAGCT,IRX3,mCMV,No
AAGTTCGTCTCT,NFYA,mCMV,No
GGTAGCTAGTCT,TFCP2L1,mCMV,No
GTGCGCGGTATT,RANDOM1_2_mCMV,mCMV,Yes
ACAGAGCGCACA,RANDOM2_2_mCMV,mCMV,Yes
TACTACTGAGGA,RANDOM3_2_mCMV,mCMV,Yes
CGATTGGAAGAA,RARA,minP,No
TAGTCGTAGGAC,RANDOM1_3_minP,minP,Yes
TCTGGTCGACAG,RANDOM2_3_minP,minP,Yes
CTTACTACTACG,RANDOM3_3_minP,minP,Yes
GCTCTCTACCAA,RARA,minP,No
AGCCGAGCTTAC,RANDOM1_3_minP,minP,Yes
TATTAAGGACCG,RANDOM2_3_minP,minP,Yes
TAGCGTCCACTA,RANDOM3_3_minP,minP,Yes
TCGACTAGCGCA,RARA,minP,No
TGGCTTGGTTAT,RANDOM1_3_minP,minP,Yes
TTAGCCGCTCTA,RANDOM2_3_minP,minP,Yes
TACAACGAGAGA,RANDOM3_3_minP,minP,Yes
CTCCTATAGGAA,RARA,minP,No
AACTGCAGAGAC,RANDOM1_3_minP,minP,Yes
ACCGGCTAAGAT,RANDOM2_3_minP,minP,Yes
TGACATCGAAGT,RANDOM3_3_minP,minP,Yes
CAGCTAATAGCC,RARA,minP,No
CTTAGGTCTACA,RANDOM1_3_minP,minP,Yes
GACACTACGCTA,RANDOM2_3_minP,minP,Yes
ACATACTCCTAG,RANDOM3_3_minP,minP,Yes
TCTGAGCCTTCG,ESRRB,hBGm,No
TGCTACAGAGAG,NFE2L2,hBGm,No
TTGAGCAAGTGT,STAT3,hBGm,No
TTCGAGCCGAGA,IRF3,hBGm,No
TGCGTAGTGTAC,SMAD4,hBGm,No
GTCCAACGAACA,GBX2,hBGm,No
GGAGTTGAAGCT,PAX6,hBGm,No
AAGGCTCATAGA,RANDOM1_3_hBGm,hBGm,Yes
ATAGAGTTAGCG,RANDOM2_3_hBGm,hBGm,Yes
CGACACCAGGAT,RANDOM3_3_hBGm,hBGm,Yes
CCAGCTTCTCAG,ESRRB,hBGm,No
TTACGGTTAGCA,NFE2L2,hBGm,No
CCAAGCTCCATA,STAT3,hBGm,No
TTCGGTTGTATC,IRF3,hBGm,No
GTCAGATCGGAT,SMAD4,hBGm,No
ACAAGGCGCACT,GBX2,hBGm,No
ATCCGTGCGATT,PAX6,hBGm,No
CCAACTATACAC,RANDOM1_3_hBGm,hBGm,Yes
CCTTCTCATAGA,RANDOM2_3_hBGm,hBGm,Yes
AGAAGAGGAGCC,RANDOM3_3_hBGm,hBGm,Yes
GTGAACGCCTCA,ESRRB,hBGm,No
CGAGTCAATAGA,NFE2L2,hBGm,No
AGGCATACTGGA,STAT3,hBGm,No
TATTCCTGAGCA,IRF3,hBGm,No
TATCCTTCGTCC,SMAD4,hBGm,No
CAAGCGCAGGTT,GBX2,hBGm,No
CAGATACGGTAT,PAX6,hBGm,No
ACACGTAAGACA,RANDOM1_3_hBGm,hBGm,Yes
TACTATCACCGC,RANDOM2_3_hBGm,hBGm,Yes
TGCCACAAGAAT,RANDOM3_3_hBGm,hBGm,Yes
CGGCCTTACAGT,ESRRB,hBGm,No
GGCCGTATACAG,NFE2L2,hBGm,No
ACATCGAGCAGT,STAT3,hBGm,No
GGCAACTACATA,IRF3,hBGm,No
CCAACGCGAACA,SMAD4,hBGm,No
GTTAGTCCGATA,GBX2,hBGm,No
TCTGTCATCGGC,PAX6,hBGm,No
GACTGTCCGAAT,RANDOM1_3_hBGm,hBGm,Yes
CTTGCCGGTACA,RANDOM2_3_hBGm,hBGm,Yes
TAGTATCTCCTG,RANDOM3_3_hBGm,hBGm,Yes
GTTGTATCCAAC,ESRRB,hBGm,No
TTGCTCGACCTA,NFE2L2,hBGm,No
TTGCCTAACCGA,STAT3,hBGm,No
GATCGGTACGAA,IRF3,hBGm,No
TTACTGCCTAAC,SMAD4,hBGm,No
AGGTACAGACAT,GBX2,hBGm,No
TTGAGCCGACTG,PAX6,hBGm,No
TTACTGTACTCG,RANDOM1_3_hBGm,hBGm,Yes
CAAGTACACAAC,RANDOM2_3_hBGm,hBGm,Yes
TGTGACTAGAAC,RANDOM3_3_hBGm,hBGm,Yes
CCACTAGAACTG,GLI1,mCMV,No
GCAAGCGATAGA,NR3C1,mCMV,No
AAGCGGCACAAC,RANDOM1_3_mCMV,mCMV,Yes
AGTCGTGGTGAT,RANDOM2_3_mCMV,mCMV,Yes
CGCAACTCGAGA,RANDOM3_3_mCMV,mCMV,Yes
ACAACCATAACC,GLI1,mCMV,No
GCGTTCACTGAG,NR3C1,mCMV,No
TAACGAGTTGCA,RANDOM1_3_mCMV,mCMV,Yes
CGGTCATATACC,RANDOM2_3_mCMV,mCMV,Yes
TGCGATAAGGTT,RANDOM3_3_mCMV,mCMV,Yes
TGAGTTGAGCAC,GLI1,mCMV,No
TATAGGCTGGTC,NR3C1,mCMV,No
TCGACTGGACAG,RANDOM1_3_mCMV,mCMV,Yes
TGAGAAGAGCGC,RANDOM2_3_mCMV,mCMV,Yes
TACCTAGGTGTA,RANDOM3_3_mCMV,mCMV,Yes
CCTGTCCATAGT,GLI1,mCMV,No
AACCAACAACGA,NR3C1,mCMV,No
GTATAGCGCTCG,RANDOM1_3_mCMV,mCMV,Yes
AGAGCCTAGGAG,RANDOM2_3_mCMV,mCMV,Yes
GCTTGAAGGAGC,RANDOM3_3_mCMV,mCMV,Yes
GACTTCTACAGC,GLI1,mCMV,No
TTGAACGCGCAA,NR3C1,mCMV,No
ACGAGAACCAAG,RANDOM1_3_mCMV,mCMV,Yes
CATCTCGAGCGA,RANDOM2_3_mCMV,mCMV,Yes
CGATCCTATTCT,RANDOM3_3_mCMV,mCMV,Yes
AGTCCTGACACC,SP1,Random,No
CACATTGCAACG,RANDOM1_1_Random,Random,Yes
CACTCCTTCCAG,RANDOM2_1_Random,Random,Yes
ACTACTCGTTCT,RANDOM3_1_Random,Random,Yes
CCGGTTAAGGAA,SP1,Random,No
GTGCGGTGAAGA,RANDOM1_1_Random,Random,Yes
GCCGAGAGATTG,RANDOM2_1_Random,Random,Yes
AGCTACGCACTG,RANDOM3_1_Random,Random,Yes
ACTGCGACTTGC,SP1,Random,No
GGCCACGAGATA,RANDOM1_1_Random,Random,Yes
CTTACCGGCGAA,RANDOM2_1_Random,Random,Yes
GGTTGGCTTCAG,RANDOM3_1_Random,Random,Yes
AATCGTAGAAGG,SP1,Random,No
CTGTGCTCCTTA,RANDOM1_1_Random,Random,Yes
TCTTAGTGCCTC,RANDOM2_1_Random,Random,Yes
AGATATCGGCAG,RANDOM3_1_Random,Random,Yes
AACGTTGATCTC,SP1,Random,No
GAGGTCGGTAGA,RANDOM1_1_Random,Random,Yes
GAAGCCGGCTAA,RANDOM2_1_Random,Random,Yes
TAGATCGGCAAG,RANDOM3_1_Random,Random,Yes
AATCGACTGCTCA,THRB,minP,No
GTCACCAAGTTGG,NFAT5,minP,No
TCACTTCCTATCG,GRHL1,minP,No
TAGACGCGCCTTA,POU5F1::SOX2,minP,No
GTATACATCGAGC,PGR,minP,No
CGTTAGGTTGGCT,NFAT5,minP,No
TGCAAGGTGACTG,THRB,minP,No
GCTCTTACCTTCG,GRHL1,minP,No
AGTACTGACTGGA,POU5F1::SOX2,minP,No
GGACACCAGGTAA,PGR,minP,No
AATCCAAGGCCTA,NFAT5,minP,No
TTGGCTAATACGG,THRB,minP,No
ACCAGGACACGTA,GRHL1,minP,No
TCCTGTAACTAGG,POU5F1::SOX2,minP,No
CTCTTGAAGACGA,PGR,minP,No
GCAGCCTGCTTAA,NFAT5,minP,No
GGAACCTCCGTAA,THRB,minP,No
AATTCACCGGAGA,GRHL1,minP,No
CTGCTCCAGTCTA,POU5F1::SOX2,minP,No
TAGAGATTGGCCG,PGR,minP,No
ACGTCGGTAGGAA,NFAT5,minP,No
GACTTCTAGTCGG,THRB,minP,No
GTCGCGCTATTAA,GRHL1,minP,No
CTTGATCAGACGA,POU5F1::SOX2,minP,No
AAGCCTCTCTTGA,PGR,minP,No
CAGATCCTGTGAA,MEF2A,mCMV,No
GGAGGTAGAACAT,RORA,mCMV,No
ATTATCTTCGCGG,THRA,mCMV,No
TCTAGGTGTCTCA,HNF1A,mCMV,No
GGAGGTATAATCC,NR1I2,mCMV,No
CTAACTCCTCGCA,NR4A1,mCMV,No
CGATTGTCTTCGA,NR1H4::RXRA,mCMV,No
CGTTAGCGGTATC,STAT1::STAT2,mCMV,No
GCCTCATCACGAA,CEBPB,mCMV,No
TTGCTAAGCACCA,FOSL1,mCMV,No
TTCGGCAACTGTA,NR5A2,mCMV,No
GCAATTGCGTTGG,POU5F1,mCMV,No
GATTGCGTACCAA,REL,mCMV,No
CCATTGATCTCGG,SOX2,mCMV,No
GAGGACTTCCTTG,SMAD2::SMAD3::SMAD4,mCMV,No
GTCCACTGATTC,NR1H2,mCMV,No
TCTGCACAAGCTC,TCF7,mCMV,No
ATCCTCTGGTTCG,WT1,mCMV,No
TCTACGTATTGCG,NR4A2::RXRA,mCMV,No
AGCAAGCCAAGAA,MEF2A,mCMV,No
CCATTACCGTTGA,RORA,mCMV,No
GCACCTGACTCAA,THRA,mCMV,No
TCTGGTAATCACC,HNF1A,mCMV,No
AATTGGTCGCCTC,NR1I2,mCMV,No
ATACTGCACACCA,NR4A1,mCMV,No
GCGGTCAAGTGAA,NR1H4::RXRA,mCMV,No
GTAGCTTGTGGAA,STAT1::STAT2,mCMV,No
AGGTGCACATCAA,CEBPB,mCMV,No
CGTTGTTCGTTGA,FOSL1,mCMV,No
GAATAGTCGCTCA,NR5A2,mCMV,No
GTTGTTCGGTGTG,POU5F1,mCMV,No
CCTGATCAAGCCA,REL,mCMV,No
CCGGTCATCGATA,SOX2,mCMV,No
CTTCGCTGTCCTA,SMAD2::SMAD3::SMAD4,mCMV,No
ATACCAACACCA,NR1H2,mCMV,No
AGGCATATCATCC,TCF7,mCMV,No
AGTTGTGCGCTTA,WT1,mCMV,No
TCTCCAGCTGTAA,NR4A2::RXRA,mCMV,No
TAGTCGAGTTGCC,MEF2A,mCMV,No
CGGTTATACGGCA,RORA,mCMV,No
TACCAGCCTCTTG,THRA,mCMV,No
CGTCTCACTTCTG,HNF1A,mCMV,No
TCGAGTCTTGTCC,NR1I2,mCMV,No
GATATTCCTGCCA,NR4A1,mCMV,No
AGTACTCCGTGAA,NR1H4::RXRA,mCMV,No
GTCTCTTGTTGTC,STAT1::STAT2,mCMV,No
ATTGGCGGTGCAA,CEBPB,mCMV,No
CCTGGTATTACCA,FOSL1,mCMV,No
TCTTCATCGTTGG,NR5A2,mCMV,No
CCTATAGCGGATA,POU5F1,mCMV,No
ACCACGACAGGAA,REL,mCMV,No
GTGCAATTGTCGG,SOX2,mCMV,No
CTTGCGGTGATAA,SMAD2::SMAD3::SMAD4,mCMV,No
CACCTTGCATAA,NR1H2,mCMV,No
AGAACAACGTTGG,TCF7,mCMV,No
TAGTGGACACGAA,WT1,mCMV,No
ATTGAACGTACGG,NR4A2::RXRA,mCMV,No
TATCGCATACCGA,MEF2A,mCMV,No
CTCTAGGCTGTCA,RORA,mCMV,No
AGAGAGCGCTTAA,THRA,mCMV,No
GTTGGCCTAGTTG,HNF1A,mCMV,No
CGAATAACCATCC,NR1I2,mCMV,No
AAGGTCTAAGTCC,NR4A1,mCMV,No
ATCACCGTCCTGA,NR1H4::RXRA,mCMV,No
AGTGAATTGCCGG,STAT1::STAT2,mCMV,No
CATTGGTACACGA,CEBPB,mCMV,No
TACGTTGGCGTTA,FOSL1,mCMV,No
CACACTCGAGTTA,NR5A2,mCMV,No
ATAAGCAGGTACC,POU5F1,mCMV,No
AATTACCTGCGGA,REL,mCMV,No
TGGAACCGAATCC,SOX2,mCMV,No
TGAGTGGCCTTGA,SMAD2::SMAD3::SMAD4,mCMV,No
GGTGCTATAGCC,NR1H2,mCMV,No
GAACACCTGAGTA,TCF7,mCMV,No
CCAGTGAGTTGAA,WT1,mCMV,No
TGTGGCGCAATCT,NR4A2::RXRA,mCMV,No
TCATACTTGCTGG,MEF2A,mCMV,No
CTGCCAAGTACGT,RORA,mCMV,No
TTAGGACAACTCC,THRA,mCMV,No
ACAGCCACGTCAA,HNF1A,mCMV,No
GTCAGACTTGCAA,NR1I2,mCMV,No
GGTCCTCACCTAA,NR4A1,mCMV,No
TCTCAGCAGATCA,NR1H4::RXRA,mCMV,No
GATTCCATCGCTA,STAT1::STAT2,mCMV,No
AGGACAGACCTTA,CEBPB,mCMV,No
ATTGCCTGCAGTG,FOSL1,mCMV,No
AGTTCGATTCGCG,NR5A2,mCMV,No
AGGTGAAGCTCCT,POU5F1,mCMV,No
AGTGGCCATACCA,REL,mCMV,No
AGGAGGTGAACAA,SOX2,mCMV,No
GGCGCCAATTATA,SMAD2::SMAD3::SMAD4,mCMV,No
ACTCGAGTTAGG,NR1H2,mCMV,No
AATTCGCACCTCC,TCF7,mCMV,No
AGATCGGAGCTTA,WT1,mCMV,No
AGAGCTGGAGCAA,NR4A2::RXRA,mCMV,No
GGTGTGGATTACA,RXRA,minP,No
GATTGTCGAGTTC,MYBL2,minP,No
CTAGCTCCATCAA,NFIA,minP,No
CACAGATTCCTCA,AR,minP,No
CGTCTGAGTTAGG,PPARA::RXRA,minP,No
ACTTCTGGCTCTT,RXRA,minP,No
TTCATAGAGCTCC,MYBL2,minP,No
TAGGTATTCCTGG,NFIA,minP,No
GTCTGTACGGTAT,AR,minP,No
TAGTTACCGACTG,PPARA::RXRA,minP,No
GAGACACCTACTA,RXRA,minP,No
GCAACATTGTGCA,MYBL2,minP,No
CTAGCGGTATAGA,NFIA,minP,No
CTCGAGTCGAGAA,AR,minP,No
CTCCTAGTGTGAA,PPARA::RXRA,minP,No
GACACTAGTGGCT,RXRA,minP,No
GAGCCAAGAACTA,MYBL2,minP,No
GGCCGGTGTATAA,NFIA,minP,No
GAGGCAAGTGTCA,AR,minP,No
AGACTGTTCTCGA,PPARA::RXRA,minP,No
TAATTGCGGTACG,RXRA,minP,No
TGTCAAGAGAGCT,MYBL2,minP,No
AGTCGACCTAGTG,NFIA,minP,No
CTCGTTGAGTCAA,AR,minP,No
GCTGTGGATATTG,PPARA::RXRA,minP,No
AAGGATCCTAGGA,GATA1,mCMV,No
TTGTCAAGTGTGC,NRF1,mCMV,No
TAATCTTCTCGCC,ESR1,mCMV,No
GGAGGCGGAATAA,TEAD1,mCMV,No
GGTATTGTTCCTG,PPARG::RXRA,mCMV,No
GCCAAGTGTTGGA,NR1I3,mCMV,No
TGCATACGTGGAA,SOX9,mCMV,No
AGCACATCTGACC,RARA:RXRA,mCMV,No
TGCACAAGACCAA,VDR::RXRA,mCMV,No
CTGAACTCGAGGT,GATA1,mCMV,No
TGACTTGAACTCC,NRF1,mCMV,No
GTTCTTCTGGTCG,ESR1,mCMV,No
GTCTCCAGTAGGA,TEAD1,mCMV,No
CCTCGACACCATT,PPARG::RXRA,mCMV,No
GTGGTGGTTCTCT,NR1I3,mCMV,No
GCTAACGATCTCG,SOX9,mCMV,No
GGTTGATCCACGA,RARA:RXRA,mCMV,No
TGCCAAGTGCCTT,VDR::RXRA,mCMV,No
AACCATTCAACGG,GATA1,mCMV,No
CACGTTACTGCTA,NRF1,mCMV,No
GTTCCTTCGCGAA,ESR1,mCMV,No
TACCTGTTGCTGG,TEAD1,mCMV,No
CGGAAGTAGACGA,PPARG::RXRA,mCMV,No
GCATAGCCACACA,NR1I3,mCMV,No
GCGGCTAACTGAA,SOX9,mCMV,No
ACACTTCTCTCCA,RARA:RXRA,mCMV,No
ACATATAGACCGG,VDR::RXRA,mCMV,No
TTCCGGTGTCTGA,GATA1,mCMV,No
GTTCACCTCACCT,NRF1,mCMV,No
CAATCAAGCCAGA,ESR1,mCMV,No
CTACGAACACCAA,TEAD1,mCMV,No
CTCCAGCCAGTAA,PPARG::RXRA,mCMV,No
CTTACCTCAACCA,NR1I3,mCMV,No
GTAGTACAGGTTC,SOX9,mCMV,No
CAGGAAGGACTTC,RARA:RXRA,mCMV,No
TGTCGTCCATCCA,VDR::RXRA,mCMV,No
CTTGTTGGAGGAA,GATA1,mCMV,No
TCTCTGCCAGGAA,NRF1,mCMV,No
GCTGTCATCACCA,ESR1,mCMV,No
GAGTGGAGGATTA,TEAD1,mCMV,No
GAGATACCGTCTC,PPARG::RXRA,mCMV,No
CCGAACCATACTG,NR1I3,mCMV,No
GTCCTTCGGATTC,SOX9,mCMV,No
ACTAACCATCTGG,RARA:RXRA,mCMV,No
TTGAGACAGTTGG,VDR::RXRA,mCMV,No
TATTGGAACCTCG,ETS2,minP,No
ATAGGTCGTGCAA,POU2F1,minP,No
CGAGTTGGTTGAA,FOXO1,minP,No
CTCGCTTGCGTAA,ETS2,minP,No
AAGTATCGCTTCG,POU2F1,minP,No
ACCGTCTGTTCTC,FOXO1,minP,No
TGTTGCGGAGCTT,ETS2,minP,No
GTCCTTCTGTCCA,POU2F1,minP,No
ACTAGAGGCATTC,FOXO1,minP,No
TCCACTCATTGTG,ETS2,minP,No
CATTCGAGCCGAA,POU2F1,minP,No
CGAATCCGGATAA,FOXO1,minP,No
GGTGAACTATCTC,ETS2,minP,No
GTTACCTCGATCA,POU2F1,minP,No
TGGACCGATTGAA,FOXO1,minP,No
ACTGCACGGATAA,E2F1,mCMV,No
AGTTAACACGTCG,GATA4,mCMV,No
GAACTGAGGACTA,HNF4A,mCMV,No
CAACGTGACTTGA,SRF,mCMV,No
TCTCGTCAGAGTA,MAF::NFE2,mCMV,No
CTCATTCAGACCA,NR1D1,mCMV,No
TCCGTGGCAATAA,EGR1,mCMV,No
GTCATAACCGTGC,XBP1,mCMV,No
CTGGCTTATCTTC,E2F1,mCMV,No
CAAGTGTCATTGG,GATA4,mCMV,No
GGTATCGTGATCA,HNF4A,mCMV,No
GACTACATAACGG,SRF,mCMV,No
TTAGTAGGATCGG,MAF::NFE2,mCMV,No
GGCATTATAGCGA,NR1D1,mCMV,No
CTGTGCGAGATAA,EGR1,mCMV,No
AAGCGTGTGATCA,XBP1,mCMV,No
GTCCATCACTTCC,E2F1,mCMV,No
ATCGTTGGCAGAA,GATA4,mCMV,No
GCCACAACAACAC,HNF4A,mCMV,No
TCATACGCACCTA,SRF,mCMV,No
ACCTCCATCGGAA,MAF::NFE2,mCMV,No
CTCTAGATTCCGG,NR1D1,mCMV,No
TACCTCTACGTGA,EGR1,mCMV,No
CGAAGCCTTATTC,XBP1,mCMV,No
CAACCTGTGGAGA,E2F1,mCMV,No
CGACTGGTAAGTG,GATA4,mCMV,No
TGCTGACGTGAGT,HNF4A,mCMV,No
GCTAACGACATTG,SRF,mCMV,No
AAGGTTAGGACGG,MAF::NFE2,mCMV,No
TGCATACATTCGG,NR1D1,mCMV,No
GCCTCATTGAGGT,EGR1,mCMV,No
TCGAGGCACCTAA,XBP1,mCMV,No
GGTGCTCAATACA,E2F1,mCMV,No
ATAATCGCGTCGG,GATA4,mCMV,No
TCAACTCGGTTCA,HNF4A,mCMV,No
CACATTGTCGCAA,SRF,mCMV,No
GGTCCGTGTACAA,MAF::NFE2,mCMV,No
TCAATTGCTCCGG,NR1D1,mCMV,No
CCAGGTCCTAGTA,EGR1,mCMV,No
ATACAGAACGTGG,XBP1,mCMV,No
TAGTTAGCGGAGA,NR3C2,Random,No
TCCTTCTTGCCTA,RFX1,Random,No
TGTGTTACCACGG,FOXA1,Random,No
CGCTTCTCTTCTA,NR3C2,Random,No
TTGTGACCTCTTG,RFX1,Random,No
TGGTCGACTTCAA,FOXA1,Random,No
GTCGATCCTTGTT,NR3C2,Random,No
TTGCACATAGTGG,RFX1,Random,No
CGTGACCTCCTTA,FOXA1,Random,No
TCCAGGTTCAGCA,NR3C2,Random,No
CGTGACTCGATAA,RFX1,Random,No
GACACCTGCATTA,FOXA1,Random,No
TCCGATTAGGCGA,NR3C2,Random,No
TCTGCGACATCTA,RFX1,Random,No
ACTCGGATCGAGT,FOXA1,Random,No
TTGTAGGAGGAGA,AHR::ARNT,mCMV,No
GGTGCTATCGTGA,AHR::ARNT,mCMV,No
TCTAGAAGTGAGG,AHR::ARNT,mCMV,No
AAGCTGTCCACTC,AHR::ARNT,mCMV,No
GCCATTCTGACAA,AHR::ARNT,mCMV,No
CTACGCACTTCAA,ATF2,minP,No
CGTGGTACTTACA,ATF2,minP,No
TTCACTTGGCAGA,ATF2,minP,No
GTTGCTCTCTCGT,ATF2,minP,No
GGAGTGCGTATAA,ATF2,minP,No
CGTTGCACCTGAA,ATF4,minP,No
CAATCGGCAGTTC,ATF4,minP,No
GAATAACGCAGTC,ATF4,minP,No
ACGAGCTGGATAA,ATF4,minP,No
CTGAAGCTTACTG,ATF4,minP,No
CGACAGGTTACTG,ATF6,minP,No
TGGCAGGATACAA,ATF6,minP,No
AGGCTCTCACTGA,ATF6,minP,No
TCTCCGCTATCTG,ATF6,minP,No
CCTATACTCTCAG,ATF6,minP,No
ATCGACCAACGAA,CEBPA,minP,No
CAAGGTTAACTGG,CEBPA,minP,No
AGATCAGACTGTG,CEBPA,minP,No
AGTGATAGTGACC,CEBPA,minP,No
TCGCTGATTGCTC,CEBPA,minP,No
GTTGTACAGGCAA,CLOCK,mCMV,No
GTAGGCCAAGTTC,CLOCK,mCMV,No
ACACAGCTTCTTG,CLOCK,mCMV,No
AGTTGCCTCATTG,CLOCK,mCMV,No
CAATACTTGACGG,CLOCK,mCMV,No
GTTAAGTCCACGC,FOS::JUN,mCMV,No
AACTTCAGGCCTG,FOS::JUN,mCMV,No
ACAGTTGGACTGA,FOS::JUN,mCMV,No
ACCTACTCAACGG,FOS::JUN,mCMV,No
GTGTACGACATTG,FOS::JUN,mCMV,No
AACACGGACCTAA,GATA3,minP,No
GTCTCAGATTGGA,GATA3,minP,No
GGACCTGTGGATA,GATA3,minP,No
CGGTGCTTATTAC,GATA3,minP,No
TAGACCTTAAGCG,GATA3,minP,No
CACGCTGTAACCA,HIF1A,mCMV,No
CCTTAGACGTTCA,HIF1A,mCMV,No
GGACTGACCAGTT,HIF1A,mCMV,No
GATACAGCAACAG,HIF1A,mCMV,No
TCTCAGAGGCGAA,HIF1A,mCMV,No
CTGCTCTAAGGAA,HSF1,mCMV,No
TGTGCAGACTTCA,HSF1,mCMV,No
GTGCTTGAGACAA,HSF1,mCMV,No
TAATCCGGATTCC,HSF1,mCMV,No
GACTTAGCGGTGT,HSF1,mCMV,No
ACTGGTTACTAGG,IRF1,mCMV,No
AAGGAACCTTAGC,IRF1,mCMV,No
GCAAGATCATTGG,IRF1,mCMV,No
CTCCGACGGTTAA,IRF1,mCMV,No
TGCCTAGCTGATC,IRF1,mCMV,No
CACGGTATAGCCA,MTF1,mCMV,No
CCTCTGCAATTGG,MTF1,mCMV,No
CGATAAGTCTGGA,MTF1,mCMV,No
CGATTGGACTTCC,MTF1,mCMV,No
AGATACACGTAGG,MTF1,mCMV,No
CTGGTTGACTCTA,MYC,mCMV,No
TAATACCGCGTTG,MYC,mCMV,No
TACAAGGCCATCA,MYC,mCMV,No
CGACTGGCTGTAA,MYC,mCMV,No
CCAGAGTATCGTA,MYC,mCMV,No
TTATCCGCGTACA,NFATC1,mCMV,No
GGTGCACCTACAA,NFATC1,mCMV,No
GAGCCGTGATTGA,NFATC1,mCMV,No
TTATCTCCTCCTG,NFATC1,mCMV,No
TCCTGTCGAGTTC,NFATC1,mCMV,No
TCTGCTTAGACAG,ONECUT1,minP,No
TCAGCAGTGTGAA,ONECUT1,minP,No
CAGTGCTTCTTCG,ONECUT1,minP,No
GCCTTGATCGTCT,ONECUT1,minP,No
AGTTAACTGCCGA,ONECUT1,minP,No
GGATCAGCCAGAA,RBPJ,mCMV,No
GACACACTACTTC,RBPJ,mCMV,No
TCTGACGTTAGAG,RBPJ,mCMV,No
TGGTGAGGTATCG,RBPJ,mCMV,No
TGTACTACCGGTA,RBPJ,mCMV,No
CACCAGATTCCAA,RUNX2,minP,No
GTTCTGCAGATCG,RUNX2,minP,No
TTGGAACCTCTCG,RUNX2,minP,No
CCACTTCAGCTAA,RUNX2,minP,No
GTGTTGAGGACGT,RUNX2,minP,No
GTCTTGGCTCCAA,SREBF1,mCMV,No
ACCGTATAAGCGG,SREBF1,mCMV,No
ATTGCAAGGAGCA,SREBF1,mCMV,No
ATACCATTCCGCT,SREBF1,mCMV,No
TTCAACACCTTGG,SREBF1,mCMV,No
ACCATAAGGTTGG,STAT1,minP,No
CGACCAGAAGTTC,STAT1,minP,No
CTCATTGCTACTG,STAT1,minP,No
GACGCTACATCTG,STAT1,minP,No
CTCTACCTATCGA,STAT1,minP,No
GTGGCTGGAAGTT,STAT4,mCMV,No
AATCTGTGGCTGA,STAT4,mCMV,No
TCTATAGCCGCCT,STAT4,mCMV,No
TAGAAGGACGTCA,STAT4,mCMV,No
TCACCACCATTGA,STAT4,mCMV,No
TCTAGACTT,STAT6,mCMV,No
AGCTAATCT,STAT6,mCMV,No
CTCACTTGA,STAT6,mCMV,No
GAGAGCAGA,STAT6,mCMV,No
GGTTCGCTA,STAT6,mCMV,No
GGCACACGTCATA,TFAP2A,mCMV,No
GCTACTTCGTCTG,TFAP2A,mCMV,No
TGTATCCTGACTC,TFAP2A,mCMV,No
CGGTTAGATAGCC,TFAP2A,mCMV,No
TTGTGACCAATCG,TFAP2A,mCMV,No
AACACACACACTC,TFEB,mCMV,No
TGGACCACAAGGT,TFEB,mCMV,No
CAGGATTGCAGAA,TFEB,mCMV,No
ATACAGCGTACGC,TFEB,mCMV,No
ACCTAAGGAGGAA,TFEB,mCMV,No
